ID клиента,Возраст,Цель поездки,Класс обслуживания,Уровень удовлетворенности онлайн-регистрацией на рейс,Уровень удовлетворенности обслуживанием в полете,Задержка отправления (мин),Задержка прибытия (мин),Уровень удовлетворенности временем отправления и прибытия,Уровень удовлетворенности клиента
0,11996,52.0,Частная,Эконом,0,4,0,0.0,5,Удовлетворен
1,63021,30.0,Деловая,Бизнес,5,5,2,0.0,1,Удовлетворен
2,104939,40.0,Деловая,Бизнес,5,5,3,0.0,1,Удовлетворен
3,59058,71.0,Деловая,Эконом,2,2,3,11.0,2,Не удовлетворен
4,13113,25.0,Деловая,Эконом,3,1,2,0.0,4,Не удовлетворен
5,62694,38.0,Частная,Бизнес,4,1,8,3.0,4,Не удовлетворен
6,82900,21.0,Частная,Эконом,2,3,153,179.0,4,Удовлетворен
7,22943,28.0,Деловая,Эконом,5,4,0,2.0,5,Удовлетворен
8,63153,47.0,Деловая,Бизнес,5,2,7,6.0,0,Удовлетворен
9,23351,67.0,Деловая,Комфорт,1,4,0,0.0,1,Удовлетворен
10,60775,51.0,Частная,Эконом,3,2,14,0.0,1,Не удовлетворен
11,80743,22.0,Частная,Эконом,1,4,0,0.0,2,Не удовлетворен
12,29228,26.0,Деловая,Бизнес,5,5,0,0.0,2,Удовлетворен
13,73622,56.0,Деловая,Бизнес,5,5,0,0.0,4,Удовлетворен
14,112165,20.0,Деловая,Эконом,4,3,0,0.0,3,Удовлетворен
15,92431,24.0,Деловая,Бизнес,5,5,37,36.0,3,Удовлетворен
16,92191,19.0,Деловая,Бизнес,4,3,0,0.0,4,Не удовлетворен
17,9469,66.0,Деловая,Бизнес,2,5,0,0.0,1,Не удовлетворен
18,27163,23.0,Деловая,Бизнес,5,5,0,0.0,5,Удовлетворен
19,58959,50.0,Деловая,Бизнес,4,5,64,50.0,2,Удовлетворен
20,78001,25.0,Деловая,Бизнес,2,4,0,0.0,0,Не удовлетворен
21,87933,42.0,Деловая,Бизнес,4,3,18,16.0,5,Не удовлетворен
22,118543,53.0,Деловая,Бизнес,4,4,0,0.0,5,Удовлетворен
23,123068,25.0,Деловая,Бизнес,2,5,22,22.0,0,Не удовлетворен
24,67580,40.0,Деловая,Бизнес,5,4,100,91.0,4,Удовлетворен
25,117317,11.0,Частная,Комфорт,3,3,0,0.0,4,Не удовлетворен
26,75607,68.0,Частная,Эконом,3,5,0,0.0,5,Не удовлетворен
27,88070,40.0,Деловая,Бизнес,5,4,0,0.0,2,Удовлетворен
28,116581,34.0,Деловая,Бизнес,4,5,2,3.0,4,Удовлетворен
29,43525,55.0,Частная,Комфорт,2,1,43,32.0,3,Не удовлетворен
30,97766,37.0,Деловая,Бизнес,4,4,2,0.0,2,Удовлетворен
31,48965,25.0,Деловая,Эконом,1,1,0,0.0,0,Не удовлетворен
32,79475,39.0,Деловая,Бизнес,4,2,0,0.0,3,Не удовлетворен
33,123613,60.0,Деловая,Комфорт,4,1,0,0.0,5,Удовлетворен
34,4497,25.0,Деловая,Эконом,2,3,0,0.0,2,Не удовлетворен
35,95808,,Частная,Эконом,2,3,7,0.0,4,Не удовлетворен
36,105532,12.0,Деловая,Бизнес,4,5,0,0.0,1,Удовлетворен
37,16833,36.0,Частная,Эконом,2,3,91,90.0,1,Не удовлетворен
38,58232,59.0,Частная,Эконом,1,5,4,5.0,4,Не удовлетворен
39,97285,42.0,Деловая,Бизнес,4,3,0,0.0,4,Удовлетворен
40,30953,43.0,Деловая,Бизнес,4,5,11,11.0,1,Удовлетворен
41,87041,44.0,Деловая,Бизнес,3,5,10,13.0,3,Не удовлетворен
42,42483,43.0,Деловая,Эконом,4,4,0,0.0,2,Удовлетворен
43,70830,48.0,Деловая,Бизнес,5,5,0,2.0,1,Удовлетворен
44,40627,51.0,Частная,Эконом,1,5,0,0.0,0,Не удовлетворен
45,94709,36.0,Деловая,Бизнес,4,4,2,4.0,1,Не удовлетворен
46,24529,,Частная,Эконом,3,5,0,0.0,5,Не удовлетворен
47,52371,70.0,Частная,Эконом,4,3,0,10.0,1,Не удовлетворен
48,67601,37.0,Деловая,Бизнес,4,4,0,6.0,5,Удовлетворен
49,94029,56.0,Деловая,Бизнес,5,4,0,2.0,4,Удовлетворен
50,19883,43.0,Деловая,Эконом,2,1,6,4.0,4,Удовлетворен
51,34270,,Деловая,Эконом,3,4,0,0.0,3,Удовлетворен
52,25785,40.0,Деловая,Эконом,2,4,1,0.0,2,Не удовлетворен
53,94641,30.0,Деловая,Эконом,3,4,76,60.0,4,Не удовлетворен
54,59698,26.0,Частная,Эконом,3,5,11,19.0,4,Не удовлетворен
55,102419,52.0,Частная,Эконом,5,2,11,10.0,5,Не удовлетворен
56,53547,31.0,Деловая,Эконом,4,4,5,0.0,5,Удовлетворен
57,12250,65.0,Деловая,Бизнес,1,5,0,1.0,5,Удовлетворен
58,55888,,Деловая,Бизнес,5,5,0,1.0,5,Удовлетворен
59,105557,36.0,Деловая,Бизнес,1,3,0,0.0,1,Не удовлетворен
60,15126,35.0,Деловая,Эконом,5,3,0,0.0,4,Удовлетворен
61,34259,32.0,Частная,Бизнес,5,4,0,0.0,4,Не удовлетворен
62,32673,37.0,Деловая,Эконом,3,4,0,0.0,1,Не удовлетворен
63,12412,69.0,Деловая,Эконом,4,3,0,0.0,1,Удовлетворен
64,94632,52.0,Деловая,Бизнес,5,5,50,46.0,3,Удовлетворен
65,47270,61.0,Деловая,Бизнес,1,5,0,0.0,3,Удовлетворен
66,15936,7.0,Деловая,Бизнес,3,3,1,11.0,1,Не удовлетворен
67,82829,20.0,Деловая,Эконом,0,5,11,2.0,0,Удовлетворен
68,38697,23.0,Деловая,Эконом,2,2,6,0.0,2,Не удовлетворен
69,2602,43.0,Частная,Эконом,5,1,4,2.0,0,Не удовлетворен
70,102734,39.0,Частная,Эконом,3,4,0,0.0,4,Не удовлетворен
71,61337,26.0,Деловая,Бизнес,4,5,0,0.0,4,Не удовлетворен
72,118254,37.0,Деловая,Эконом,3,4,12,7.0,3,Не удовлетворен
73,53332,80.0,Деловая,Комфорт,2,4,71,58.0,3,Не удовлетворен
74,38471,48.0,Деловая,Бизнес,2,5,110,96.0,1,Удовлетворен
75,108016,43.0,Деловая,Бизнес,5,4,0,0.0,3,Удовлетворен
76,128412,26.0,Деловая,Бизнес,1,4,4,0.0,5,Не удовлетворен
77,16671,,Частная,Эконом,1,4,3,0.0,4,Не удовлетворен
78,74858,56.0,Деловая,Бизнес,4,5,0,14.0,2,Удовлетворен
79,62086,,Частная,Комфорт,3,4,0,0.0,3,Не удовлетворен
80,94188,48.0,Деловая,Бизнес,5,5,9,0.0,2,Удовлетворен
81,101916,,Деловая,Бизнес,5,5,12,22.0,2,Удовлетворен
82,123040,23.0,Деловая,Эконом,5,4,19,22.0,0,Удовлетворен
83,110102,45.0,Деловая,Бизнес,4,3,0,0.0,4,Удовлетворен
84,3145,59.0,Деловая,Бизнес,1,3,0,0.0,1,Не удовлетворен
85,71002,40.0,Деловая,Бизнес,5,5,1,21.0,3,Удовлетворен
86,123005,,Деловая,Бизнес,5,4,22,23.0,3,Удовлетворен
87,22011,23.0,Частная,Эконом,3,3,0,0.0,2,Не удовлетворен
88,3897,60.0,Деловая,Эконом,4,1,27,24.0,2,Удовлетворен
89,30867,20.0,Деловая,Бизнес,2,1,0,0.0,4,Не удовлетворен
90,16669,53.0,Частная,Эконом,4,1,0,0.0,4,Не удовлетворен
91,327,39.0,Деловая,Бизнес,4,1,12,32.0,3,Не удовлетворен
92,126546,,Частная,Эконом,1,4,8,24.0,4,Не удовлетворен
93,102935,31.0,Частная,Эконом,3,5,20,19.0,4,Не удовлетворен
94,89604,,Деловая,Бизнес,4,5,0,0.0,5,Удовлетворен
95,107056,71.0,Деловая,Бизнес,1,3,0,0.0,1,Не удовлетворен
96,77490,31.0,Деловая,Бизнес,5,5,1,0.0,5,Удовлетворен
97,5042,59.0,Деловая,Бизнес,4,5,0,0.0,3,Удовлетворен
98,103575,50.0,Частная,Эконом,0,5,0,0.0,4,Удовлетворен
99,124810,27.0,Деловая,Эконом,2,4,0,38.0,4,Не удовлетворен
100,90663,41.0,Деловая,Бизнес,4,4,0,0.0,2,Удовлетворен
101,41496,27.0,Деловая,Бизнес,5,4,0,0.0,5,Удовлетворен
102,4061,60.0,Частная,Эконом,3,1,0,1.0,5,Не удовлетворен
103,101701,39.0,Деловая,Бизнес,4,4,0,0.0,4,Не удовлетворен
104,72265,17.0,Деловая,Эконом,1,4,0,0.0,1,Не удовлетворен
105,76643,44.0,Частная,Эконом,5,5,3,0.0,4,Не удовлетворен
106,4426,42.0,Деловая,Бизнес,5,4,0,0.0,3,Удовлетворен
107,120205,57.0,Деловая,Бизнес,4,5,0,0.0,3,Удовлетворен
108,57826,35.0,Частная,Эконом,3,3,5,49.0,3,Не удовлетворен
109,20971,61.0,Частная,Эконом,1,5,11,0.0,3,Не удовлетворен
110,91557,28.0,Частная,Эконом,4,4,3,1.0,5,Не удовлетворен
111,36499,27.0,Деловая,Эконом,5,3,1,0.0,4,Удовлетворен
112,34824,21.0,Частная,Эконом,4,4,0,0.0,4,Не удовлетворен
113,85369,60.0,Деловая,Бизнес,5,5,0,1.0,3,Удовлетворен
114,125727,55.0,Деловая,Бизнес,5,5,14,0.0,1,Удовлетворен
115,68296,34.0,Деловая,Бизнес,5,4,0,0.0,4,Удовлетворен
116,15398,41.0,Деловая,Бизнес,2,5,0,0.0,5,Удовлетворен
117,110731,58.0,Деловая,Бизнес,4,4,19,27.0,4,Удовлетворен
118,65615,30.0,Частная,Эконом,4,2,0,0.0,4,Не удовлетворен
119,31391,51.0,Деловая,Комфорт,5,2,104,149.0,2,Удовлетворен
120,74932,35.0,Деловая,Эконом,3,2,0,0.0,3,Не удовлетворен
121,3177,36.0,Деловая,Бизнес,4,5,407,409.0,5,Удовлетворен
122,14861,33.0,Деловая,Эконом,5,1,32,32.0,4,Удовлетворен
123,74650,48.0,Частная,Эконом,3,4,0,3.0,5,Не удовлетворен
124,80822,42.0,Деловая,Бизнес,4,4,0,0.0,1,Удовлетворен
125,12385,48.0,Деловая,Бизнес,3,4,0,0.0,4,Не удовлетворен
126,105451,9.0,Деловая,Бизнес,5,5,0,0.0,1,Удовлетворен
127,118387,49.0,Деловая,Бизнес,5,4,1,0.0,1,Удовлетворен
128,127529,37.0,Деловая,Бизнес,5,4,0,0.0,5,Удовлетворен
129,83812,45.0,Деловая,Бизнес,4,5,9,9.0,2,Удовлетворен
130,29294,33.0,Деловая,Бизнес,3,3,0,8.0,1,Не удовлетворен
131,11914,37.0,Частная,Эконом,3,4,0,0.0,5,Не удовлетворен
132,66340,59.0,Деловая,Бизнес,4,4,0,0.0,3,Удовлетворен
133,15395,44.0,Деловая,Эконом,2,5,0,0.0,4,Не удовлетворен
134,44406,10.0,Частная,Эконом,3,1,0,8.0,2,Не удовлетворен
135,126840,50.0,Деловая,Бизнес,5,3,3,0.0,4,Удовлетворен
136,72502,25.0,Деловая,Бизнес,2,4,0,0.0,5,Не удовлетворен
137,10393,48.0,Деловая,Бизнес,4,4,0,0.0,5,Удовлетворен
138,12109,31.0,Деловая,Бизнес,5,2,0,0.0,3,Удовлетворен
139,113709,69.0,Частная,Эконом,1,4,1,0.0,1,Не удовлетворен
140,31863,26.0,Деловая,Комфорт,1,4,15,6.0,3,Не удовлетворен
141,38111,36.0,Деловая,Эконом,2,4,90,71.0,2,Не удовлетворен
142,124774,44.0,Деловая,Бизнес,5,5,0,0.0,2,Удовлетворен
143,126982,39.0,Деловая,Бизнес,4,5,0,0.0,2,Удовлетворен
144,55337,49.0,Частная,Эконом,5,1,3,9.0,4,Не удовлетворен
145,76484,,Деловая,Бизнес,3,4,5,0.0,1,Удовлетворен
146,111971,59.0,Деловая,Эконом,2,5,8,5.0,4,Удовлетворен
147,104486,10.0,Деловая,Эконом,3,5,6,0.0,3,Не удовлетворен
148,4523,23.0,Деловая,Бизнес,4,5,0,0.0,2,Удовлетворен
149,92927,42.0,Деловая,Эконом,3,3,69,66.0,0,Не удовлетворен
150,113641,53.0,Частная,Эконом,4,2,122,104.0,4,Не удовлетворен
151,65152,68.0,Частная,Эконом,4,5,0,0.0,3,Не удовлетворен
152,86323,57.0,Деловая,Бизнес,4,4,0,0.0,3,Удовлетворен
153,34934,23.0,Частная,Эконом,2,4,23,14.0,5,Не удовлетворен
154,106831,52.0,Деловая,Бизнес,3,5,22,17.0,1,Удовлетворен
155,56179,64.0,Частная,Эконом,3,4,25,0.0,3,Не удовлетворен
156,52551,,Деловая,Эконом,3,4,0,0.0,0,Не удовлетворен
157,35251,,Деловая,Эконом,5,4,0,0.0,3,Удовлетворен
158,59826,40.0,Деловая,Бизнес,4,5,0,0.0,1,Удовлетворен
159,105902,,Деловая,Эконом,4,2,0,0.0,3,Не удовлетворен
160,1372,27.0,Деловая,Бизнес,2,4,17,28.0,2,Не удовлетворен
161,40090,43.0,Деловая,Эконом,4,4,0,0.0,1,Удовлетворен
162,123391,9.0,Деловая,Бизнес,5,4,4,0.0,5,Удовлетворен
163,27809,15.0,Деловая,Эконом,2,4,3,0.0,2,Не удовлетворен
164,4703,18.0,Частная,Эконом,4,1,193,195.0,3,Не удовлетворен
165,103729,58.0,Частная,Эконом,5,4,90,90.0,4,Не удовлетворен
166,31633,49.0,Деловая,Бизнес,1,5,0,0.0,5,Удовлетворен
167,50365,50.0,Деловая,Бизнес,1,4,0,0.0,3,Удовлетворен
168,62193,33.0,Деловая,Эконом,4,3,0,0.0,4,Не удовлетворен
169,6951,9.0,Частная,Эконом,3,5,15,14.0,4,Не удовлетворен
170,76836,30.0,Деловая,Бизнес,4,4,26,42.0,1,Удовлетворен
171,51788,13.0,Частная,Эконом,2,2,0,0.0,2,Не удовлетворен
172,55645,45.0,Деловая,Бизнес,4,5,0,28.0,2,Удовлетворен
173,115537,40.0,Деловая,Бизнес,1,4,0,0.0,1,Не удовлетворен
174,47337,36.0,Деловая,Бизнес,4,5,0,0.0,2,Удовлетворен
175,57862,52.0,Деловая,Бизнес,4,4,0,0.0,4,Удовлетворен
176,52438,36.0,Частная,Эконом,2,5,57,52.0,4,Не удовлетворен
177,11597,45.0,Деловая,Бизнес,2,3,0,0.0,0,Удовлетворен
178,81189,63.0,Частная,Эконом,3,1,0,0.0,5,Не удовлетворен
179,67774,35.0,Деловая,Эконом,3,1,0,0.0,1,Не удовлетворен
180,89553,53.0,Деловая,Бизнес,4,5,0,0.0,2,Удовлетворен
181,91538,42.0,Деловая,Бизнес,5,4,29,28.0,5,Удовлетворен
182,22237,57.0,Деловая,Бизнес,5,5,0,0.0,2,Удовлетворен
183,97234,47.0,Деловая,Бизнес,4,4,0,0.0,3,Удовлетворен
184,42064,48.0,Частная,Эконом,2,3,0,1.0,5,Не удовлетворен
185,90702,34.0,Деловая,Бизнес,5,5,0,0.0,2,Удовлетворен
186,100594,46.0,Деловая,Бизнес,4,5,0,0.0,4,Удовлетворен
187,55790,30.0,Деловая,Эконом,1,1,0,11.0,3,Не удовлетворен
188,82980,46.0,Деловая,Бизнес,4,4,2,48.0,5,Удовлетворен
189,108213,40.0,Деловая,Эконом,2,3,14,13.0,2,Не удовлетворен
190,91946,22.0,Частная,Эконом,0,3,0,0.0,4,Не удовлетворен
191,9568,66.0,Деловая,Бизнес,3,2,0,22.0,2,Не удовлетворен
192,73892,29.0,Деловая,Бизнес,4,4,0,0.0,2,Удовлетворен
193,98420,33.0,Деловая,Бизнес,5,4,6,24.0,3,Удовлетворен
194,126472,58.0,Деловая,Бизнес,4,4,0,0.0,3,Удовлетворен
195,33027,39.0,Частная,Эконом,1,4,0,0.0,5,Не удовлетворен
196,23960,,Деловая,Бизнес,4,3,0,0.0,3,Удовлетворен
197,51207,36.0,Деловая,Комфорт,4,2,0,0.0,1,Удовлетворен
198,53942,44.0,Частная,Эконом,2,4,17,9.0,4,Не удовлетворен
199,114506,,Деловая,Бизнес,1,5,0,0.0,0,Удовлетворен
200,57356,38.0,Деловая,Эконом,4,3,0,0.0,3,Удовлетворен
201,109184,22.0,Деловая,Эконом,4,4,0,0.0,0,Удовлетворен
202,19012,39.0,Деловая,Бизнес,5,5,0,0.0,2,Удовлетворен
203,84723,22.0,Деловая,Бизнес,5,4,12,8.0,3,Удовлетворен
204,106645,43.0,Деловая,Бизнес,5,4,16,17.0,3,Удовлетворен
205,79804,49.0,Деловая,Бизнес,5,5,0,0.0,1,Удовлетворен
206,9773,27.0,Деловая,Эконом,2,2,4,0.0,1,Не удовлетворен
207,62222,32.0,Частная,Эконом,2,4,0,13.0,5,Не удовлетворен
208,34360,33.0,Деловая,Бизнес,3,2,9,2.0,4,Не удовлетворен
209,14025,,Деловая,Бизнес,1,1,99,110.0,1,Не удовлетворен
210,37408,28.0,Деловая,Эконом,5,4,0,0.0,5,Удовлетворен
211,47464,30.0,Частная,Эконом,2,4,17,28.0,4,Не удовлетворен
212,17757,59.0,Частная,Эконом,2,4,0,0.0,5,Не удовлетворен
213,52785,39.0,Деловая,Бизнес,4,5,2,0.0,5,Удовлетворен
214,81005,13.0,Частная,Эконом,4,5,0,0.0,5,Не удовлетворен
215,21884,41.0,Деловая,Бизнес,3,4,0,0.0,1,Удовлетворен
216,68110,46.0,Частная,Эконом,3,4,0,0.0,4,Не удовлетворен
217,98223,61.0,Частная,Комфорт,5,5,13,17.0,5,Удовлетворен
218,24003,,Деловая,Бизнес,1,2,0,6.0,4,Удовлетворен
219,93853,27.0,Деловая,Комфорт,2,3,0,0.0,2,Не удовлетворен
220,22082,35.0,Деловая,Эконом,4,1,0,0.0,2,Удовлетворен
221,6651,39.0,Деловая,Бизнес,4,4,0,0.0,2,Удовлетворен
222,25341,46.0,Деловая,Комфорт,5,5,0,2.0,3,Удовлетворен
223,122238,37.0,Деловая,Бизнес,4,1,0,10.0,1,Не удовлетворен
224,128702,27.0,Деловая,Бизнес,2,5,66,92.0,2,Не удовлетворен
225,83028,40.0,Деловая,Бизнес,4,4,0,20.0,2,Удовлетворен
226,78733,47.0,Деловая,Бизнес,4,5,0,0.0,1,Удовлетворен
227,98120,40.0,Частная,Эконом,1,3,0,0.0,3,Не удовлетворен
228,89414,31.0,Деловая,Эконом,1,4,11,10.0,5,Не удовлетворен
229,58365,39.0,Деловая,Бизнес,4,2,59,61.0,5,Удовлетворен
230,3063,16.0,Частная,Эконом,1,4,0,0.0,5,Не удовлетворен
231,6676,46.0,Деловая,Бизнес,4,4,13,59.0,5,Удовлетворен
232,2114,66.0,Деловая,Бизнес,4,5,36,38.0,2,Удовлетворен
233,79148,59.0,Частная,Комфорт,2,2,59,52.0,1,Не удовлетворен
234,13124,21.0,Деловая,Эконом,2,4,0,0.0,2,Не удовлетворен
235,96685,,Деловая,Бизнес,5,4,0,0.0,1,Удовлетворен
236,78819,70.0,Частная,Эконом,5,5,5,0.0,5,Удовлетворен
237,13021,31.0,Деловая,Эконом,0,4,0,0.0,0,Удовлетворен
238,57165,59.0,Деловая,Бизнес,4,4,30,15.0,5,Удовлетворен
239,44039,24.0,Деловая,Эконом,0,2,0,8.0,1,Не удовлетворен
240,20052,40.0,Деловая,Эконом,3,3,0,0.0,5,Не удовлетворен
241,84033,58.0,Деловая,Бизнес,5,5,19,2.0,5,Удовлетворен
242,80820,,Деловая,Бизнес,4,4,10,3.0,5,Удовлетворен
243,80806,43.0,Деловая,Бизнес,4,4,0,0.0,2,Удовлетворен
244,85646,44.0,Деловая,Бизнес,4,2,0,0.0,4,Удовлетворен
245,86065,80.0,Деловая,Комфорт,2,4,0,0.0,4,Не удовлетворен
246,24346,14.0,Частная,Эконом,4,4,15,17.0,5,Не удовлетворен
247,61229,15.0,Деловая,Эконом,3,4,66,75.0,1,Не удовлетворен
248,20617,42.0,Частная,Эконом,4,4,9,9.0,5,Не удовлетворен
249,67240,,Частная,Эконом,3,4,0,18.0,4,Не удовлетворен
250,117187,69.0,Частная,Эконом,1,4,5,0.0,4,Не удовлетворен
251,14796,41.0,Деловая,Эконом,5,3,38,17.0,3,Удовлетворен
252,49157,33.0,Деловая,Эконом,0,1,0,0.0,0,Удовлетворен
253,66584,29.0,Деловая,Бизнес,4,5,0,0.0,4,Удовлетворен
254,90563,46.0,Деловая,Бизнес,4,2,13,2.0,5,Удовлетворен
255,15080,75.0,Деловая,Бизнес,3,4,255,246.0,4,Не удовлетворен
256,8707,8.0,Частная,Эконом,1,1,0,0.0,3,Не удовлетворен
257,97212,43.0,Деловая,Бизнес,5,4,0,6.0,2,Удовлетворен
258,99845,39.0,Деловая,Эконом,2,4,1,4.0,1,Не удовлетворен
259,123087,58.0,Деловая,Бизнес,4,5,75,80.0,3,Удовлетворен
260,105849,58.0,Деловая,Бизнес,5,5,31,27.0,2,Удовлетворен
261,26504,45.0,Деловая,Бизнес,5,4,0,0.0,2,Удовлетворен
262,71548,36.0,Деловая,Бизнес,1,5,0,5.0,1,Не удовлетворен
263,67006,36.0,,Бизнес,4,3,19,14.0,1,Удовлетворен
264,90960,63.0,Деловая,Бизнес,3,5,0,0.0,4,Удовлетворен
265,94414,36.0,,Бизнес,2,5,8,5.0,2,Не удовлетворен
266,105941,50.0,Частная,Эконом,2,3,0,4.0,4,Не удовлетворен
267,26420,62.0,Частная,Бизнес,5,3,0,0.0,4,Не удовлетворен
268,14551,10.0,Частная,Эконом,3,4,25,55.0,5,Не удовлетворен
269,96616,,,Бизнес,4,4,0,1.0,5,Удовлетворен
270,94801,60.0,Деловая,Эконом,3,4,0,4.0,5,Не удовлетворен
271,128414,27.0,Деловая,Эконом,2,3,2,0.0,2,Не удовлетворен
272,124063,35.0,Деловая,Эконом,2,2,0,0.0,2,Не удовлетворен
273,70102,24.0,Деловая,Эконом,1,2,123,146.0,2,Не удовлетворен
274,113791,40.0,Деловая,Бизнес,5,5,1,0.0,2,Удовлетворен
275,18902,35.0,Частная,Эконом,5,5,47,44.0,5,Удовлетворен
276,85707,42.0,Частная,Эконом,5,1,0,0.0,5,Удовлетворен
277,58253,67.0,Частная,Эконом,0,1,0,0.0,3,Удовлетворен
278,67996,69.0,Частная,Комфорт,3,1,0,12.0,5,Не удовлетворен
279,58848,57.0,Частная,Эконом,4,4,115,101.0,5,Не удовлетворен
280,66646,22.0,Деловая,Эконом,4,5,0,0.0,4,Удовлетворен
281,29018,48.0,Деловая,Эконом,3,3,7,2.0,5,Не удовлетворен
282,62794,54.0,Частная,Эконом,4,4,5,2.0,1,Не удовлетворен
283,120557,38.0,Деловая,Эконом,3,4,3,19.0,3,Не удовлетворен
284,126680,18.0,Частная,Бизнес,3,3,4,0.0,1,Удовлетворен
285,28591,,Деловая,Комфорт,5,1,11,0.0,1,Удовлетворен
286,106534,40.0,Деловая,Бизнес,4,1,12,52.0,1,Не удовлетворен
287,71562,45.0,Деловая,Бизнес,4,4,0,0.0,1,Удовлетворен
288,124033,,Частная,Эконом,1,5,0,0.0,5,Не удовлетворен
289,40867,37.0,Частная,Эконом,2,4,0,9.0,4,Не удовлетворен
290,70253,33.0,Деловая,Бизнес,4,5,0,0.0,3,Удовлетворен
291,4628,60.0,Деловая,Бизнес,5,5,0,0.0,1,Удовлетворен
292,27977,30.0,Деловая,Бизнес,4,4,0,0.0,5,Удовлетворен
293,39119,24.0,Деловая,Эконом,2,5,0,3.0,0,Не удовлетворен
294,73682,52.0,Деловая,Бизнес,4,3,0,0.0,2,Не удовлетворен
295,121502,26.0,Частная,Комфорт,3,2,3,0.0,4,Не удовлетворен
296,18376,20.0,Частная,Комфорт,2,4,0,0.0,5,Не удовлетворен
297,59386,34.0,Частная,Эконом,2,4,7,0.0,4,Не удовлетворен
298,71516,36.0,Деловая,Бизнес,2,5,20,6.0,2,Не удовлетворен
299,89645,59.0,Деловая,Бизнес,4,4,2,0.0,2,Не удовлетворен
300,2903,39.0,Частная,Эконом,2,4,0,0.0,4,Не удовлетворен
301,5062,22.0,Деловая,Эконом,2,5,0,25.0,4,Не удовлетворен
302,80501,47.0,Деловая,Бизнес,4,5,0,1.0,2,Удовлетворен
303,109319,33.0,Частная,Эконом,0,4,31,24.0,3,Удовлетворен
304,42921,24.0,Деловая,Эконом,1,2,0,0.0,0,Не удовлетворен
305,75430,25.0,Деловая,Бизнес,5,5,1,0.0,5,Удовлетворен
306,73368,47.0,Деловая,Бизнес,5,5,0,0.0,3,Удовлетворен
307,115633,44.0,Деловая,Бизнес,4,5,7,0.0,5,Удовлетворен
308,27164,,Деловая,Эконом,1,2,0,0.0,2,Не удовлетворен
309,24522,57.0,Деловая,Бизнес,4,4,0,0.0,2,Удовлетворен
310,27313,31.0,Деловая,Бизнес,5,5,0,0.0,5,Удовлетворен
311,63815,,Деловая,Бизнес,4,5,10,0.0,4,Удовлетворен
312,53990,53.0,Деловая,Бизнес,3,1,0,0.0,5,Не удовлетворен
313,39232,32.0,Деловая,Эконом,5,1,0,0.0,4,Удовлетворен
314,118291,,Деловая,Бизнес,5,4,38,15.0,3,Удовлетворен
315,64701,37.0,Деловая,Бизнес,3,4,27,61.0,3,Не удовлетворен
316,85018,52.0,Деловая,Бизнес,4,2,0,6.0,4,Не удовлетворен
317,121622,31.0,Частная,Эконом,1,5,0,13.0,4,Не удовлетворен
318,43663,24.0,Деловая,Эконом,4,4,0,1.0,4,Удовлетворен
319,97050,29.0,Деловая,Бизнес,5,4,301,289.0,4,Не удовлетворен
320,39962,57.0,Частная,Комфорт,4,3,0,0.0,5,Не удовлетворен
321,99114,17.0,Частная,Эконом,0,5,8,45.0,5,Не удовлетворен
322,83277,45.0,Частная,Эконом,4,3,1,0.0,0,Не удовлетворен
323,26609,58.0,Деловая,Бизнес,4,5,65,71.0,1,Удовлетворен
324,100221,40.0,Деловая,Бизнес,4,3,0,4.0,5,Удовлетворен
325,125095,39.0,Деловая,Бизнес,4,3,0,0.0,5,Удовлетворен
326,24540,40.0,Деловая,Эконом,5,4,0,0.0,2,Удовлетворен
327,33805,32.0,Деловая,Эконом,5,5,1,4.0,2,Удовлетворен
328,83054,40.0,Деловая,Бизнес,3,2,0,39.0,5,Не удовлетворен
329,3087,,Деловая,Бизнес,3,4,0,0.0,3,Не удовлетворен
330,38441,53.0,Деловая,Бизнес,5,5,0,0.0,5,Удовлетворен
331,63444,56.0,Частная,Эконом,3,4,0,0.0,5,Не удовлетворен
332,39368,28.0,Частная,Эконом,4,5,0,0.0,5,Удовлетворен
333,41583,21.0,Частная,Эконом,2,4,50,43.0,3,Не удовлетворен
334,66547,46.0,Деловая,Бизнес,5,4,5,1.0,2,Удовлетворен
335,43667,68.0,Деловая,Эконом,1,2,0,0.0,3,Не удовлетворен
336,29192,59.0,Частная,Комфорт,3,2,0,0.0,3,Не удовлетворен
337,58664,,Частная,Эконом,1,3,35,19.0,4,Не удовлетворен
338,108544,75.0,Деловая,Эконом,3,3,0,0.0,3,Удовлетворен
339,16144,,Частная,Бизнес,5,4,6,1.0,4,Не удовлетворен
340,10364,44.0,Деловая,Бизнес,4,4,38,28.0,5,Удовлетворен
341,16760,52.0,Деловая,Эконом,2,1,107,106.0,5,Удовлетворен
342,72360,25.0,Деловая,Бизнес,5,5,0,0.0,0,Удовлетворен
343,13555,51.0,Деловая,Бизнес,2,5,22,4.0,2,Удовлетворен
344,99,52.0,Деловая,Бизнес,4,4,27,18.0,5,Удовлетворен
345,92634,56.0,Деловая,Бизнес,4,5,0,0.0,5,Удовлетворен
346,37506,17.0,Деловая,Эконом,2,4,0,0.0,2,Не удовлетворен
347,13236,69.0,Деловая,Эконом,4,5,0,0.0,5,Удовлетворен
348,22759,58.0,Деловая,Эконом,3,4,3,5.0,4,Удовлетворен
349,82300,30.0,Деловая,Бизнес,2,4,54,47.0,1,Удовлетворен
350,83193,42.0,Деловая,Бизнес,5,3,0,0.0,1,Удовлетворен
351,74584,10.0,Деловая,Бизнес,3,3,0,0.0,1,Не удовлетворен
352,37018,45.0,Частная,Эконом,4,3,0,0.0,5,Не удовлетворен
353,36708,54.0,Частная,Эконом,3,5,0,7.0,5,Не удовлетворен
354,81303,43.0,Деловая,Комфорт,2,3,0,0.0,5,Не удовлетворен
355,10687,26.0,Деловая,Бизнес,5,4,0,10.0,0,Удовлетворен
356,27360,48.0,Деловая,Бизнес,5,4,0,0.0,5,Удовлетворен
357,15173,28.0,Деловая,Эконом,3,4,3,0.0,0,Не удовлетворен
358,37366,32.0,Деловая,Бизнес,5,2,32,2.0,2,Удовлетворен
359,56807,41.0,Деловая,Бизнес,4,5,47,50.0,4,Не удовлетворен
360,86913,30.0,Деловая,Бизнес,3,4,0,0.0,3,Не удовлетворен
361,6466,35.0,Деловая,Комфорт,4,4,0,0.0,3,Не удовлетворен
362,46588,51.0,Деловая,Бизнес,2,1,16,36.0,2,Не удовлетворен
363,127635,47.0,Частная,Эконом,2,2,0,3.0,3,Не удовлетворен
364,47006,,Частная,Комфорт,2,2,6,10.0,1,Не удовлетворен
365,15867,39.0,Деловая,Бизнес,4,5,108,91.0,2,Удовлетворен
366,71306,45.0,Деловая,Бизнес,5,5,5,4.0,4,Удовлетворен
367,32888,65.0,Частная,Эконом,3,2,0,0.0,3,Не удовлетворен
368,40396,45.0,Деловая,Бизнес,5,3,0,0.0,4,Удовлетворен
369,28159,55.0,Деловая,Эконом,3,4,9,10.0,0,Не удовлетворен
370,33699,45.0,Деловая,Эконом,3,4,22,22.0,3,Не удовлетворен
371,92821,12.0,Деловая,Бизнес,4,5,0,0.0,5,Удовлетворен
372,122686,62.0,Деловая,Эконом,4,3,2,0.0,2,Удовлетворен
373,86405,49.0,Деловая,Бизнес,5,5,5,0.0,4,Удовлетворен
374,88870,56.0,Деловая,Бизнес,5,4,0,2.0,1,Удовлетворен
375,101479,,Деловая,Бизнес,3,4,2,0.0,3,Не удовлетворен
376,57401,23.0,Деловая,Бизнес,5,4,4,0.0,3,Удовлетворен
377,8048,32.0,Деловая,Бизнес,4,4,0,5.0,5,Удовлетворен
378,16254,22.0,Деловая,Эконом,4,1,0,0.0,4,Удовлетворен
379,39439,68.0,Деловая,Бизнес,3,1,0,0.0,4,Не удовлетворен
380,3528,7.0,Деловая,Бизнес,1,4,0,1.0,5,Не удовлетворен
381,47411,26.0,Деловая,Эконом,0,4,0,0.0,5,Удовлетворен
382,106344,60.0,Деловая,Бизнес,5,5,0,0.0,5,Удовлетворен
383,48815,16.0,Частная,Бизнес,2,5,0,4.0,4,Не удовлетворен
384,27690,38.0,Деловая,Эконом,5,2,0,0.0,5,Удовлетворен
385,3560,44.0,,Бизнес,2,4,0,0.0,2,Не удовлетворен
386,110767,24.0,Деловая,Бизнес,2,4,1,7.0,2,Не удовлетворен
387,19070,24.0,Деловая,Эконом,2,4,0,0.0,2,Не удовлетворен
388,101038,26.0,Деловая,Бизнес,3,3,0,0.0,3,Не удовлетворен
389,68744,38.0,Деловая,Бизнес,5,5,30,23.0,3,Удовлетворен
390,62335,29.0,Частная,Эконом,2,4,0,0.0,2,Не удовлетворен
391,70579,42.0,Частная,Эконом,3,4,28,36.0,4,Не удовлетворен
392,72663,35.0,Частная,Эконом,1,4,0,1.0,4,Не удовлетворен
393,109770,17.0,Деловая,Бизнес,4,5,21,15.0,4,Удовлетворен
394,67545,63.0,Частная,Бизнес,3,5,0,0.0,1,Не удовлетворен
395,121060,57.0,Частная,Эконом,3,2,35,60.0,1,Не удовлетворен
396,58970,42.0,Частная,Бизнес,3,4,10,0.0,3,Удовлетворен
397,36370,49.0,Деловая,Эконом,3,2,0,0.0,0,Не удовлетворен
398,88054,47.0,Деловая,Бизнес,4,3,0,3.0,3,Удовлетворен
399,100177,58.0,Частная,Эконом,4,5,0,0.0,4,Не удовлетворен
400,21409,65.0,Деловая,Бизнес,1,5,16,21.0,1,Удовлетворен
401,38631,22.0,Деловая,Бизнес,2,3,1,0.0,5,Удовлетворен
402,85919,35.0,Частная,Эконом,2,4,130,119.0,4,Не удовлетворен
403,46410,50.0,Деловая,Бизнес,2,5,38,89.0,1,Удовлетворен
404,57526,33.0,Деловая,Эконом,4,4,19,24.0,5,Не удовлетворен
405,119030,26.0,Частная,Эконом,2,5,0,0.0,4,Не удовлетворен
406,77244,55.0,Деловая,Бизнес,4,5,0,0.0,5,Удовлетворен
407,94815,,Деловая,Бизнес,2,3,0,0.0,4,Не удовлетворен
408,43826,40.0,Деловая,Эконом,5,4,0,0.0,3,Удовлетворен
409,6128,40.0,Деловая,Бизнес,4,5,0,0.0,5,Удовлетворен
410,97835,35.0,Частная,Эконом,2,5,0,4.0,5,Удовлетворен
411,73128,,Частная,Бизнес,5,4,1,2.0,4,Удовлетворен
412,32008,24.0,Частная,Бизнес,3,5,0,0.0,3,Не удовлетворен
413,50309,58.0,Деловая,Бизнес,3,1,0,8.0,3,Не удовлетворен
414,18985,34.0,Деловая,Бизнес,3,1,14,27.0,5,Не удовлетворен
415,8062,35.0,Деловая,Бизнес,4,5,0,12.0,3,Удовлетворен
416,114762,29.0,Деловая,Бизнес,5,5,19,24.0,4,Удовлетворен
417,36391,30.0,Деловая,Эконом,2,4,118,153.0,3,Не удовлетворен
418,64299,29.0,Деловая,Бизнес,0,5,0,0.0,0,Удовлетворен
419,98466,54.0,Деловая,Бизнес,2,2,326,317.0,3,Не удовлетворен
420,111765,52.0,Деловая,Комфорт,2,3,12,0.0,4,Не удовлетворен
421,70335,57.0,Деловая,Бизнес,4,3,0,0.0,1,Удовлетворен
422,88530,,Частная,Эконом,1,3,0,0.0,4,Не удовлетворен
423,41551,22.0,Деловая,Бизнес,3,3,26,24.0,5,Не удовлетворен
424,113806,25.0,,Бизнес,5,4,0,0.0,2,Удовлетворен
425,49153,45.0,Деловая,Бизнес,5,4,20,39.0,4,Удовлетворен
426,88167,49.0,Деловая,Бизнес,4,4,0,0.0,2,Удовлетворен
427,112997,41.0,Деловая,Эконом,2,4,30,40.0,2,Не удовлетворен
428,121751,23.0,Деловая,Эконом,3,5,0,0.0,0,Не удовлетворен
429,103428,61.0,Частная,Эконом,4,5,16,6.0,5,Не удовлетворен
430,123114,,Деловая,Эконом,2,3,0,0.0,3,Не удовлетворен
431,106236,47.0,Частная,Эконом,3,3,0,0.0,3,Не удовлетворен
432,114822,45.0,Деловая,Бизнес,5,5,0,0.0,0,Удовлетворен
433,60327,59.0,Деловая,Бизнес,4,5,40,31.0,3,Удовлетворен
434,27390,47.0,Деловая,Бизнес,1,4,0,2.0,2,Не удовлетворен
435,55916,33.0,Частная,Эконом,3,1,0,0.0,2,Не удовлетворен
436,104621,39.0,Деловая,Бизнес,4,4,310,300.0,1,Удовлетворен
437,8764,60.0,Деловая,Бизнес,3,3,0,29.0,4,Не удовлетворен
438,4307,34.0,Частная,Комфорт,2,5,0,0.0,5,Не удовлетворен
439,95038,14.0,Частная,Эконом,4,3,0,0.0,5,Удовлетворен
440,32663,43.0,Деловая,Эконом,3,5,0,0.0,4,Удовлетворен
441,73124,,Частная,Эконом,3,4,0,0.0,3,Не удовлетворен
442,122222,,Деловая,Эконом,4,2,16,0.0,3,Не удовлетворен
443,39415,,Деловая,Бизнес,5,4,0,0.0,2,Удовлетворен
444,22746,45.0,Деловая,Эконом,4,2,0,0.0,3,Удовлетворен
445,123745,,Деловая,Бизнес,4,5,0,0.0,4,Удовлетворен
446,38271,,Частная,Эконом,5,3,0,0.0,5,Не удовлетворен
447,18040,39.0,Деловая,Бизнес,5,4,0,0.0,1,Удовлетворен
448,60560,19.0,Деловая,Комфорт,3,4,0,0.0,3,Не удовлетворен
449,22497,36.0,Частная,Эконом,4,4,0,0.0,4,Не удовлетворен
450,111019,52.0,Деловая,Эконом,3,3,74,71.0,5,Не удовлетворен
451,108873,44.0,Деловая,Бизнес,3,4,87,79.0,3,Удовлетворен
452,56335,,Деловая,Бизнес,4,4,0,0.0,5,Удовлетворен
453,37345,,Деловая,Эконом,2,2,0,0.0,4,Не удовлетворен
454,129313,50.0,Деловая,Бизнес,4,4,28,25.0,1,Удовлетворен
455,100687,38.0,Деловая,Бизнес,2,3,17,19.0,2,Удовлетворен
456,57221,41.0,Частная,Эконом,4,3,0,36.0,3,Не удовлетворен
457,48293,44.0,Деловая,Эконом,2,3,44,36.0,5,Удовлетворен
458,116263,17.0,Частная,Эконом,2,5,0,4.0,5,Не удовлетворен
459,95339,39.0,Частная,Эконом,3,5,0,10.0,4,Не удовлетворен
460,95989,37.0,Деловая,Бизнес,3,4,6,2.0,3,Не удовлетворен
461,98123,34.0,Частная,Эконом,1,4,36,34.0,2,Не удовлетворен
462,9851,62.0,Деловая,Бизнес,2,3,55,31.0,5,Не удовлетворен
463,45690,30.0,Деловая,Бизнес,3,5,0,0.0,5,Удовлетворен
464,71823,28.0,Деловая,Бизнес,5,4,0,0.0,5,Удовлетворен
465,34735,37.0,Деловая,Эконом,2,3,0,0.0,3,Не удовлетворен
466,107956,39.0,Деловая,Бизнес,4,4,36,32.0,1,Удовлетворен
467,95732,55.0,Деловая,Бизнес,5,4,3,1.0,2,Удовлетворен
468,59362,57.0,Деловая,Бизнес,3,2,8,0.0,3,Удовлетворен
469,90398,,Частная,Бизнес,4,5,1,6.0,3,Не удовлетворен
470,59958,38.0,Деловая,Эконом,1,4,1,0.0,1,Не удовлетворен
471,116569,56.0,Деловая,Бизнес,4,3,41,50.0,2,Удовлетворен
472,123413,41.0,Деловая,Бизнес,5,5,0,0.0,3,Удовлетворен
473,66598,55.0,Деловая,Бизнес,4,3,0,0.0,2,Не удовлетворен
474,82876,54.0,Деловая,Бизнес,4,2,0,3.0,4,Удовлетворен
475,89408,17.0,Деловая,Бизнес,4,3,11,6.0,2,Не удовлетворен
476,92740,75.0,Деловая,Бизнес,4,1,24,1.0,5,Не удовлетворен
477,101312,,Деловая,Бизнес,4,4,27,1.0,5,Удовлетворен
478,15416,46.0,Деловая,Бизнес,4,5,0,0.0,5,Удовлетворен
479,79441,54.0,Частная,Эконом,5,2,17,19.0,5,Не удовлетворен
480,107155,28.0,Деловая,Бизнес,4,5,21,13.0,3,Удовлетворен
481,83391,43.0,Деловая,Бизнес,5,2,0,19.0,1,Удовлетворен
482,72017,,Деловая,Бизнес,1,4,239,226.0,3,Не удовлетворен
483,11445,22.0,Деловая,Комфорт,4,3,0,0.0,4,Не удовлетворен
484,87551,50.0,Деловая,Бизнес,5,3,4,10.0,4,Удовлетворен
485,88154,27.0,Деловая,Эконом,1,4,0,0.0,1,Не удовлетворен
486,96629,,Деловая,Эконом,3,4,0,0.0,1,Не удовлетворен
487,23922,20.0,Частная,Эконом,3,4,0,0.0,5,Не удовлетворен
488,97389,38.0,Деловая,Комфорт,4,3,22,13.0,3,Не удовлетворен
489,6482,54.0,Деловая,Бизнес,4,5,0,0.0,1,Удовлетворен
490,31608,17.0,Частная,Эконом,2,4,8,25.0,5,Не удовлетворен
491,31395,55.0,Деловая,Эконом,1,4,0,0.0,2,Удовлетворен
492,8610,32.0,Деловая,Бизнес,4,5,20,44.0,3,Удовлетворен
493,105925,33.0,Деловая,Бизнес,5,4,13,8.0,5,Удовлетворен
494,61404,,Частная,Эконом,5,3,11,0.0,1,Удовлетворен
495,77000,45.0,Деловая,Бизнес,4,5,0,0.0,1,Удовлетворен
496,14707,52.0,Деловая,Бизнес,5,5,0,0.0,3,Удовлетворен
497,66710,59.0,Деловая,Бизнес,1,2,201,186.0,5,Не удовлетворен
498,4067,50.0,Частная,Эконом,4,4,0,0.0,5,Не удовлетворен
499,34915,26.0,Деловая,Эконом,2,3,16,19.0,1,Не удовлетворен
500,56344,35.0,Деловая,Эконом,2,2,29,21.0,2,Не удовлетворен
501,83,58.0,Частная,Эконом,4,3,254,254.0,2,Не удовлетворен
502,97051,49.0,Деловая,Бизнес,5,4,0,0.0,2,Удовлетворен
503,96279,57.0,Частная,Эконом,5,4,4,0.0,5,Не удовлетворен
504,55831,29.0,Деловая,Бизнес,3,3,101,108.0,3,Не удовлетворен
505,40365,20.0,Деловая,Бизнес,2,3,0,7.0,3,Удовлетворен
506,78956,31.0,Деловая,Бизнес,5,4,2,12.0,4,Удовлетворен
507,35264,53.0,Деловая,Бизнес,4,3,0,2.0,2,Удовлетворен
508,9686,21.0,Деловая,Эконом,1,2,111,160.0,1,Не удовлетворен
509,6216,9.0,Частная,Бизнес,3,1,0,0.0,4,Не удовлетворен
510,103855,23.0,Деловая,Эконом,4,4,7,0.0,1,Удовлетворен
511,16025,31.0,Частная,Эконом,2,4,0,0.0,4,Не удовлетворен
512,88965,31.0,Деловая,Бизнес,3,3,0,11.0,3,Не удовлетворен
513,51645,34.0,Деловая,Эконом,3,5,0,0.0,0,Не удовлетворен
514,50934,22.0,Частная,Эконом,3,3,0,0.0,2,Не удовлетворен
515,115209,48.0,Деловая,Бизнес,5,4,2,0.0,4,Удовлетворен
516,56576,43.0,Деловая,Бизнес,5,3,0,0.0,3,Удовлетворен
517,19740,17.0,Деловая,Комфорт,2,3,437,518.0,3,Не удовлетворен
518,89133,40.0,Деловая,Бизнес,4,5,4,0.0,4,Не удовлетворен
519,13649,32.0,Деловая,Эконом,4,4,0,0.0,4,Удовлетворен
520,58945,54.0,Деловая,Бизнес,4,4,2,0.0,5,Удовлетворен
521,65523,25.0,Деловая,Эконом,2,3,10,15.0,4,Не удовлетворен
522,14230,50.0,Деловая,Комфорт,4,5,0,0.0,5,Удовлетворен
523,47618,44.0,Деловая,Бизнес,5,4,39,53.0,2,Удовлетворен
524,57437,33.0,Деловая,Эконом,2,3,12,0.0,1,Не удовлетворен
525,18289,27.0,,Бизнес,3,3,0,0.0,5,Удовлетворен
526,684,32.0,Деловая,Бизнес,1,3,3,0.0,1,Не удовлетворен
527,101066,43.0,Частная,Эконом,3,4,0,0.0,5,Не удовлетворен
528,122995,42.0,Деловая,Бизнес,4,4,0,19.0,4,Удовлетворен
529,52583,43.0,Деловая,Бизнес,5,4,0,0.0,1,Удовлетворен
530,89247,39.0,Частная,Комфорт,5,5,0,0.0,4,Удовлетворен
531,127891,52.0,Деловая,Бизнес,4,4,22,14.0,5,Удовлетворен
532,113445,,Деловая,Бизнес,5,2,0,0.0,0,Удовлетворен
533,125891,46.0,Частная,Эконом,5,3,0,0.0,5,Не удовлетворен
534,126555,7.0,Частная,Эконом,1,4,94,104.0,4,Не удовлетворен
535,35617,,Частная,Комфорт,2,4,0,0.0,5,Не удовлетворен
536,20846,55.0,Частная,Эконом,5,4,0,3.0,5,Удовлетворен
537,78012,32.0,Деловая,Эконом,2,3,0,0.0,1,Не удовлетворен
538,68852,22.0,,Бизнес,5,4,0,0.0,0,Удовлетворен
539,122703,30.0,Деловая,Комфорт,1,3,1,0.0,4,Не удовлетворен
540,25569,,Деловая,Эконом,1,5,4,0.0,1,Удовлетворен
541,66016,41.0,Деловая,Бизнес,4,4,0,0.0,2,Удовлетворен
542,74550,25.0,Деловая,Бизнес,5,4,0,0.0,3,Удовлетворен
543,19045,52.0,Деловая,Бизнес,3,4,0,0.0,4,Удовлетворен
544,31931,32.0,Деловая,Бизнес,5,4,0,0.0,2,Удовлетворен
545,52560,38.0,Деловая,Эконом,4,3,0,2.0,5,Удовлетворен
546,29309,67.0,Частная,Эконом,0,4,0,0.0,4,Не удовлетворен
547,121035,18.0,Частная,Эконом,4,4,0,0.0,5,Удовлетворен
548,40866,68.0,Частная,Эконом,3,2,20,10.0,3,Не удовлетворен
549,12740,19.0,Частная,Эконом,2,4,27,15.0,4,Не удовлетворен
550,31667,29.0,Деловая,Бизнес,2,4,0,0.0,4,Удовлетворен
551,10886,61.0,Деловая,Эконом,1,3,0,0.0,4,Не удовлетворен
552,9677,36.0,Деловая,Эконом,1,2,0,1.0,1,Не удовлетворен
553,64123,69.0,Частная,Эконом,5,2,0,0.0,3,Не удовлетворен
554,122388,,Частная,Эконом,1,4,125,91.0,5,Не удовлетворен
555,108569,48.0,Деловая,Бизнес,4,4,0,0.0,5,Удовлетворен
556,100742,55.0,Частная,Эконом,0,3,97,96.0,3,Удовлетворен
557,56691,13.0,Частная,Эконом,5,2,3,0.0,5,Удовлетворен
558,22370,20.0,Деловая,Эконом,2,3,0,0.0,1,Не удовлетворен
559,86069,49.0,Деловая,Бизнес,4,5,0,0.0,2,Удовлетворен
560,112650,25.0,Частная,Эконом,3,4,0,12.0,5,Не удовлетворен
561,7025,67.0,Частная,Эконом,5,1,54,55.0,4,Не удовлетворен
562,123607,61.0,Частная,Эконом,5,4,1,0.0,4,Удовлетворен
563,65193,40.0,Частная,Эконом,4,5,1,9.0,4,Не удовлетворен
564,81938,53.0,Деловая,Бизнес,4,5,0,0.0,2,Удовлетворен
565,101119,29.0,Деловая,Бизнес,1,3,0,0.0,2,Не удовлетворен
566,106189,45.0,Частная,Эконом,2,4,14,25.0,4,Не удовлетворен
567,6465,23.0,Деловая,Бизнес,4,5,0,0.0,0,Удовлетворен
568,107555,24.0,Деловая,Эконом,2,3,25,35.0,3,Не удовлетворен
569,8995,39.0,Деловая,Бизнес,2,5,202,186.0,0,Удовлетворен
570,3620,59.0,Деловая,Бизнес,5,4,0,9.0,3,Удовлетворен
571,19706,44.0,Деловая,Бизнес,2,5,91,91.0,3,Удовлетворен
572,38850,,Частная,Комфорт,3,3,0,0.0,4,Не удовлетворен
573,4243,41.0,Деловая,Эконом,5,3,0,0.0,5,Удовлетворен
574,115807,,Деловая,Бизнес,2,4,13,14.0,5,Не удовлетворен
575,99735,55.0,Деловая,Бизнес,3,3,1,0.0,1,Не удовлетворен
576,65123,68.0,Частная,Эконом,3,5,0,0.0,4,Не удовлетворен
577,5018,39.0,Деловая,Бизнес,2,4,9,29.0,2,Не удовлетворен
578,109480,46.0,Деловая,Бизнес,4,4,0,0.0,1,Удовлетворен
579,42060,10.0,Частная,Эконом,3,3,27,32.0,1,Не удовлетворен
580,49592,41.0,Деловая,Бизнес,2,3,0,0.0,3,Не удовлетворен
581,98111,29.0,Деловая,Бизнес,2,5,22,17.0,2,Не удовлетворен
582,117367,51.0,Частная,Эконом,1,3,0,0.0,4,Не удовлетворен
583,46704,7.0,Частная,Эконом,0,4,69,84.0,5,Не удовлетворен
584,40572,36.0,Деловая,Эконом,4,2,0,0.0,5,Удовлетворен
585,12682,20.0,Деловая,Эконом,4,1,9,0.0,5,Удовлетворен
586,123258,58.0,Частная,Эконом,2,4,0,0.0,5,Не удовлетворен
587,25296,72.0,Деловая,Бизнес,4,4,6,36.0,5,Удовлетворен
588,75708,39.0,Деловая,Бизнес,5,4,0,0.0,3,Удовлетворен
589,243,22.0,Деловая,Эконом,1,4,14,25.0,1,Не удовлетворен
590,53499,26.0,Частная,Эконом,3,3,0,0.0,2,Не удовлетворен
591,24087,20.0,Деловая,Бизнес,4,3,0,0.0,2,Не удовлетворен
592,123718,52.0,Частная,Эконом,3,4,0,0.0,0,Не удовлетворен
593,2045,33.0,Деловая,Бизнес,2,4,33,20.0,3,Не удовлетворен
594,114798,,Деловая,Бизнес,5,4,87,80.0,2,Удовлетворен
595,30608,58.0,Частная,Эконом,2,1,0,0.0,5,Не удовлетворен
596,100978,54.0,Деловая,Бизнес,4,2,41,23.0,5,Не удовлетворен
597,85975,,Деловая,Бизнес,5,4,0,0.0,1,Удовлетворен
598,111473,43.0,Деловая,Бизнес,4,4,14,20.0,5,Удовлетворен
599,85663,59.0,Деловая,Бизнес,5,3,0,0.0,3,Удовлетворен
600,79890,40.0,Деловая,Эконом,3,2,0,10.0,3,Не удовлетворен
601,129182,44.0,Деловая,Бизнес,4,4,5,0.0,5,Удовлетворен
602,116980,42.0,Деловая,Эконом,3,2,23,21.0,1,Не удовлетворен
603,76719,38.0,Деловая,Бизнес,5,4,0,21.0,1,Удовлетворен
604,45264,30.0,Деловая,Бизнес,2,4,0,0.0,2,Не удовлетворен
605,24820,24.0,Деловая,Бизнес,4,5,5,17.0,2,Удовлетворен
606,54315,52.0,Деловая,Эконом,3,3,3,0.0,2,Не удовлетворен
607,96347,19.0,Деловая,Эконом,3,4,0,0.0,3,Не удовлетворен
608,21280,30.0,Деловая,Бизнес,2,2,45,23.0,3,Удовлетворен
609,16670,25.0,Частная,Эконом,3,3,5,0.0,2,Не удовлетворен
610,104506,,Деловая,Бизнес,4,4,0,0.0,4,Удовлетворен
611,19908,37.0,Деловая,Бизнес,4,2,0,0.0,4,Не удовлетворен
612,73637,40.0,Деловая,Бизнес,4,5,56,48.0,1,Удовлетворен
613,4287,19.0,Частная,Эконом,4,4,4,0.0,4,Не удовлетворен
614,55743,27.0,Деловая,Комфорт,1,2,3,23.0,1,Не удовлетворен
615,97219,16.0,Деловая,Комфорт,1,4,7,7.0,1,Не удовлетворен
616,68839,49.0,Деловая,Бизнес,4,4,0,0.0,2,Удовлетворен
617,90055,32.0,Деловая,Эконом,4,2,17,17.0,1,Не удовлетворен
618,74774,44.0,Деловая,Бизнес,4,3,21,6.0,3,Удовлетворен
619,45693,31.0,Частная,Эконом,4,2,0,0.0,1,Удовлетворен
620,14885,27.0,Деловая,Эконом,2,4,54,53.0,4,Не удовлетворен
621,84395,,Деловая,Эконом,4,4,13,0.0,2,Не удовлетворен
622,37524,27.0,Деловая,Эконом,1,3,47,35.0,1,Не удовлетворен
623,16880,23.0,Деловая,Эконом,2,3,67,60.0,2,Не удовлетворен
624,121788,,Деловая,Бизнес,2,4,185,180.0,0,Удовлетворен
625,58636,22.0,Деловая,Эконом,3,5,3,0.0,3,Не удовлетворен
626,88132,23.0,Деловая,Эконом,1,5,36,31.0,5,Не удовлетворен
627,28619,22.0,Деловая,Бизнес,5,4,0,0.0,5,Удовлетворен
628,117755,38.0,Деловая,Бизнес,3,5,10,32.0,3,Не удовлетворен
629,117547,54.0,,Бизнес,5,5,1,0.0,2,Удовлетворен
630,57739,25.0,Деловая,Комфорт,1,4,0,0.0,4,Не удовлетворен
631,73823,36.0,Деловая,Бизнес,2,2,18,27.0,5,Не удовлетворен
632,99272,56.0,Деловая,Бизнес,5,5,0,0.0,4,Удовлетворен
633,28878,30.0,Деловая,Эконом,1,1,0,6.0,1,Не удовлетворен
634,24875,43.0,Частная,Эконом,5,5,0,0.0,4,Не удовлетворен
635,39242,41.0,Деловая,Бизнес,2,4,67,72.0,2,Удовлетворен
636,59274,10.0,Частная,Комфорт,5,1,69,109.0,4,Удовлетворен
637,51411,63.0,Частная,Комфорт,5,4,0,0.0,3,Удовлетворен
638,107713,55.0,Деловая,Бизнес,5,5,8,2.0,1,Удовлетворен
639,59299,31.0,Деловая,Бизнес,4,5,9,0.0,1,Удовлетворен
640,44132,38.0,Деловая,Бизнес,3,4,0,0.0,5,Удовлетворен
641,6184,16.0,Частная,Эконом,3,4,0,0.0,4,Не удовлетворен
642,10188,,Деловая,Бизнес,4,5,3,0.0,4,Удовлетворен
643,86245,44.0,Частная,Эконом,2,5,0,0.0,3,Удовлетворен
644,32532,37.0,Деловая,Эконом,5,5,6,5.0,3,Удовлетворен
645,125397,51.0,Деловая,Бизнес,5,5,8,2.0,2,Удовлетворен
646,69283,34.0,Частная,Эконом,1,2,140,132.0,3,Не удовлетворен
647,55215,32.0,Деловая,Бизнес,5,5,10,15.0,5,Удовлетворен
648,26410,37.0,Деловая,Бизнес,3,3,0,0.0,2,Не удовлетворен
649,63627,57.0,Деловая,Эконом,4,2,0,0.0,2,Не удовлетворен
650,119997,38.0,Деловая,Бизнес,3,2,0,0.0,1,Не удовлетворен
651,18324,59.0,Частная,Эконом,3,2,0,0.0,4,Не удовлетворен
652,15344,46.0,Деловая,Бизнес,4,4,0,11.0,1,Удовлетворен
653,92823,28.0,Деловая,Эконом,2,3,0,0.0,2,Не удовлетворен
654,52501,30.0,Деловая,Бизнес,1,3,0,12.0,3,Не удовлетворен
655,16219,50.0,Деловая,Комфорт,5,3,0,0.0,1,Удовлетворен
656,67615,,Деловая,Бизнес,4,4,0,0.0,2,Удовлетворен
657,42164,,Деловая,Бизнес,1,4,0,2.0,5,Удовлетворен
658,34260,17.0,Частная,Бизнес,5,4,0,0.0,5,Удовлетворен
659,93860,39.0,Деловая,Бизнес,4,5,0,0.0,2,Удовлетворен
660,26110,38.0,Деловая,Бизнес,2,5,0,0.0,2,Не удовлетворен
661,84298,58.0,Деловая,Бизнес,4,4,57,36.0,5,Удовлетворен
662,48950,,Деловая,Эконом,2,5,0,0.0,3,Удовлетворен
663,123200,50.0,Частная,Эконом,3,5,13,6.0,4,Не удовлетворен
664,10019,20.0,Частная,Комфорт,2,4,21,18.0,5,Не удовлетворен
665,93048,16.0,Частная,Эконом,4,1,0,0.0,4,Не удовлетворен
666,96045,12.0,Деловая,Бизнес,4,5,0,0.0,0,Удовлетворен
667,12451,,Частная,Эконом,2,3,0,12.0,5,Не удовлетворен
668,25921,33.0,Деловая,Эконом,2,4,8,0.0,3,Не удовлетворен
669,118412,41.0,Деловая,Бизнес,5,5,20,13.0,2,Удовлетворен
670,64624,39.0,Деловая,Бизнес,4,5,0,0.0,5,Удовлетворен
671,45039,18.0,Частная,Бизнес,3,4,0,0.0,4,Не удовлетворен
672,2514,50.0,Деловая,Бизнес,5,4,8,10.0,4,Удовлетворен
673,49232,34.0,Деловая,Эконом,4,1,0,0.0,2,Удовлетворен
674,57413,56.0,Деловая,Бизнес,4,5,0,0.0,5,Удовлетворен
675,76349,38.0,Деловая,Бизнес,4,5,0,0.0,5,Удовлетворен
676,109534,20.0,Деловая,Эконом,2,2,32,15.0,2,Не удовлетворен
677,89677,71.0,Деловая,Бизнес,4,1,0,0.0,5,Не удовлетворен
678,24586,52.0,Деловая,Эконом,4,2,0,0.0,0,Не удовлетворен
679,57889,63.0,Деловая,Бизнес,5,5,10,37.0,5,Удовлетворен
680,106122,54.0,Деловая,Бизнес,5,4,15,6.0,3,Удовлетворен
681,113394,,,Бизнес,4,4,16,10.0,4,Удовлетворен
682,77584,31.0,Деловая,Бизнес,5,5,0,0.0,1,Удовлетворен
683,65629,60.0,Частная,Эконом,3,4,2,6.0,5,Не удовлетворен
684,26210,45.0,,Бизнес,1,5,0,0.0,5,Удовлетворен
685,107704,30.0,Деловая,Бизнес,4,3,69,60.0,2,Не удовлетворен
686,90258,34.0,Частная,Бизнес,3,1,0,0.0,5,Не удовлетворен
687,20747,37.0,Частная,Эконом,2,2,22,8.0,3,Не удовлетворен
688,108059,40.0,Деловая,Бизнес,5,4,7,0.0,1,Удовлетворен
689,94313,,Деловая,Бизнес,5,4,4,0.0,5,Удовлетворен
690,76266,,Деловая,Эконом,2,4,0,0.0,1,Не удовлетворен
691,129307,,Частная,Бизнес,4,3,0,0.0,4,Не удовлетворен
692,75935,,Деловая,Бизнес,5,4,3,1.0,4,Удовлетворен
693,110209,38.0,Деловая,Бизнес,5,4,4,0.0,5,Удовлетворен
694,119715,43.0,Деловая,Бизнес,5,5,0,0.0,3,Удовлетворен
695,60899,22.0,Деловая,Эконом,4,5,0,0.0,4,Удовлетворен
696,111286,27.0,Частная,Эконом,3,4,7,4.0,5,Не удовлетворен
697,11462,,Деловая,Бизнес,4,5,0,0.0,4,Удовлетворен
698,46584,27.0,Деловая,Эконом,5,2,0,0.0,4,Удовлетворен
699,102268,49.0,Деловая,Бизнес,4,5,0,0.0,1,Удовлетворен
700,116952,62.0,Деловая,Бизнес,1,5,8,0.0,1,Не удовлетворен
701,29286,24.0,Деловая,Эконом,1,2,0,10.0,1,Не удовлетворен
702,117612,35.0,Деловая,Бизнес,3,2,40,31.0,3,Не удовлетворен
703,128673,27.0,Деловая,Бизнес,4,4,0,0.0,1,Удовлетворен
704,36239,,Деловая,Комфорт,3,2,0,18.0,3,Не удовлетворен
705,2139,10.0,Частная,Эконом,4,5,1,3.0,5,Не удовлетворен
706,88650,44.0,Частная,Эконом,3,3,0,9.0,3,Не удовлетворен
707,103788,47.0,Деловая,Бизнес,5,4,34,38.0,5,Удовлетворен
708,31870,63.0,Частная,Бизнес,5,5,3,0.0,5,Удовлетворен
709,16995,56.0,Деловая,Эконом,2,4,0,0.0,2,Удовлетворен
710,90073,22.0,Деловая,Эконом,5,4,0,0.0,5,Удовлетворен
711,42015,,Деловая,Эконом,5,4,0,0.0,2,Удовлетворен
712,88733,15.0,Частная,Эконом,2,2,20,18.0,5,Не удовлетворен
713,88753,40.0,Частная,Эконом,3,4,0,0.0,5,Не удовлетворен
714,91197,16.0,Частная,Эконом,3,5,0,0.0,5,Не удовлетворен
715,96513,54.0,Частная,Эконом,0,5,20,19.0,4,Удовлетворен
716,28234,39.0,Деловая,Бизнес,2,5,0,0.0,5,Удовлетворен
717,88863,34.0,Деловая,Бизнес,4,4,0,0.0,5,Удовлетворен
718,44168,22.0,Деловая,Эконом,5,4,0,2.0,4,Удовлетворен
719,17636,39.0,Деловая,Эконом,5,5,0,0.0,4,Удовлетворен
720,73252,52.0,Деловая,Бизнес,4,4,0,0.0,3,Удовлетворен
721,118785,66.0,Частная,Эконом,3,3,23,33.0,1,Не удовлетворен
722,118007,19.0,Деловая,Бизнес,5,5,20,11.0,2,Удовлетворен
723,74590,40.0,Деловая,Бизнес,4,2,0,0.0,4,Удовлетворен
724,77557,43.0,Частная,Эконом,4,4,12,0.0,5,Удовлетворен
725,72076,60.0,Деловая,Эконом,4,3,0,0.0,1,Не удовлетворен
726,59091,9.0,Частная,Эконом,2,4,12,16.0,4,Не удовлетворен
727,106425,10.0,Частная,Эконом,2,3,0,0.0,1,Не удовлетворен
728,48624,,Частная,Комфорт,3,4,0,0.0,3,Не удовлетворен
729,105656,53.0,Деловая,Бизнес,4,5,13,21.0,2,Удовлетворен
730,76565,54.0,Деловая,Бизнес,5,5,0,0.0,4,Удовлетворен
731,8783,44.0,Деловая,Бизнес,4,4,50,51.0,2,Удовлетворен
732,44941,53.0,Деловая,Эконом,3,5,0,0.0,1,Удовлетворен
733,72269,9.0,Деловая,Эконом,1,3,29,24.0,1,Не удовлетворен
734,96485,37.0,Деловая,Бизнес,3,4,48,44.0,2,Не удовлетворен
735,27035,16.0,Деловая,Комфорт,4,3,0,0.0,1,Не удовлетворен
736,77269,,Частная,Комфорт,3,2,0,45.0,1,Не удовлетворен
737,114036,42.0,Деловая,Бизнес,4,4,0,0.0,4,Удовлетворен
738,68332,67.0,Частная,Эконом,4,3,0,0.0,4,Не удовлетворен
739,125620,27.0,Частная,Бизнес,4,5,0,0.0,5,Удовлетворен
740,18005,21.0,Деловая,Бизнес,2,1,0,4.0,0,Удовлетворен
741,113035,26.0,Деловая,Бизнес,0,4,1,3.0,0,Удовлетворен
742,69525,37.0,Деловая,Бизнес,5,5,27,14.0,3,Удовлетворен
743,25391,35.0,Частная,Комфорт,1,5,0,0.0,0,Не удовлетворен
744,119638,54.0,Деловая,Бизнес,5,3,0,0.0,4,Удовлетворен
745,40749,42.0,Деловая,Бизнес,1,5,0,0.0,3,Удовлетворен
746,59852,23.0,Деловая,Бизнес,1,4,0,0.0,3,Не удовлетворен
747,86465,46.0,Деловая,Эконом,1,5,0,0.0,3,Удовлетворен
748,73076,37.0,Деловая,Бизнес,5,4,1,9.0,4,Удовлетворен
749,91644,41.0,Частная,Эконом,1,3,3,3.0,1,Не удовлетворен
750,13300,42.0,Частная,Комфорт,3,4,38,34.0,5,Не удовлетворен
751,23808,24.0,Частная,Эконом,2,4,3,5.0,2,Не удовлетворен
752,80638,57.0,Деловая,Эконом,1,3,0,0.0,1,Не удовлетворен
753,14071,55.0,Деловая,Эконом,1,5,14,5.0,1,Удовлетворен
754,24214,27.0,Деловая,Бизнес,5,2,0,0.0,4,Удовлетворен
755,27874,24.0,Деловая,Комфорт,3,3,0,8.0,2,Не удовлетворен
756,116737,10.0,Частная,Комфорт,2,4,0,0.0,5,Не удовлетворен
757,69240,29.0,Деловая,Бизнес,4,3,219,223.0,3,Удовлетворен
758,123307,23.0,Деловая,Эконом,2,3,0,1.0,4,Не удовлетворен
759,19599,43.0,Деловая,Комфорт,2,2,0,0.0,4,Удовлетворен
760,104534,59.0,,Бизнес,1,4,91,74.0,4,Удовлетворен
761,109885,31.0,,Бизнес,1,4,28,25.0,4,Не удовлетворен
762,29542,48.0,Деловая,Бизнес,5,5,0,0.0,3,Удовлетворен
763,18529,56.0,Деловая,Бизнес,2,3,0,0.0,4,Удовлетворен
764,91544,36.0,Деловая,Эконом,2,4,0,13.0,2,Не удовлетворен
765,48617,38.0,Деловая,Комфорт,3,5,3,0.0,1,Удовлетворен
766,118843,29.0,Деловая,Комфорт,2,4,0,0.0,2,Не удовлетворен
767,66319,,Частная,Эконом,0,5,11,2.0,5,Удовлетворен
768,70864,39.0,Деловая,Бизнес,2,4,50,47.0,4,Удовлетворен
769,53047,57.0,Частная,Эконом,3,4,33,49.0,5,Не удовлетворен
770,117431,,Деловая,Бизнес,4,5,27,43.0,5,Удовлетворен
771,112398,55.0,Деловая,Бизнес,5,5,22,15.0,5,Удовлетворен
772,41728,23.0,Деловая,Бизнес,4,3,0,0.0,2,Удовлетворен
773,125118,22.0,Частная,Эконом,5,3,0,0.0,2,Не удовлетворен
774,33210,21.0,Деловая,Комфорт,4,4,15,18.0,2,Удовлетворен
775,100824,,Деловая,Бизнес,4,4,1,0.0,5,Удовлетворен
776,41912,50.0,Деловая,Эконом,5,1,0,0.0,5,Удовлетворен
777,46212,27.0,Деловая,Эконом,2,2,113,106.0,2,Не удовлетворен
778,53396,55.0,Деловая,Бизнес,5,5,0,0.0,5,Удовлетворен
779,59712,56.0,Деловая,Бизнес,5,4,0,6.0,1,Удовлетворен
780,65789,47.0,Деловая,Бизнес,4,4,3,0.0,5,Удовлетворен
781,62914,59.0,Деловая,Бизнес,5,3,83,76.0,3,Удовлетворен
782,54255,65.0,Частная,Эконом,4,2,4,0.0,4,Не удовлетворен
783,60766,39.0,,Бизнес,5,4,9,0.0,2,Удовлетворен
784,97996,28.0,Деловая,Бизнес,3,5,28,35.0,5,Удовлетворен
785,98068,22.0,Деловая,Бизнес,0,5,7,12.0,0,Удовлетворен
786,7745,48.0,Деловая,Бизнес,4,5,0,0.0,1,Удовлетворен
787,73334,49.0,Деловая,Бизнес,5,4,0,5.0,1,Удовлетворен
788,57298,46.0,Деловая,Бизнес,4,5,0,0.0,0,Удовлетворен
789,79690,69.0,Частная,Эконом,2,3,22,27.0,4,Не удовлетворен
790,5792,55.0,Деловая,Бизнес,5,4,135,167.0,4,Удовлетворен
791,128896,47.0,Деловая,Бизнес,4,1,167,151.0,2,Удовлетворен
792,4104,32.0,Деловая,Бизнес,5,5,11,1.0,1,Удовлетворен
793,40940,47.0,Частная,Комфорт,4,3,0,12.0,2,Удовлетворен
794,4428,11.0,Деловая,Эконом,2,4,0,4.0,2,Не удовлетворен
795,84740,48.0,Деловая,Бизнес,4,4,0,0.0,3,Удовлетворен
796,33009,19.0,Частная,Эконом,3,4,0,0.0,4,Не удовлетворен
797,936,44.0,Деловая,Бизнес,4,5,0,0.0,4,Удовлетворен
798,124355,,Деловая,Бизнес,3,4,0,0.0,4,Удовлетворен
799,55370,44.0,Деловая,Бизнес,5,4,161,201.0,4,Удовлетворен
800,86711,50.0,Деловая,Бизнес,3,1,40,33.0,2,Не удовлетворен
801,9620,58.0,Деловая,Бизнес,4,3,42,36.0,0,Удовлетворен
802,20170,46.0,Частная,Эконом,4,3,0,19.0,4,Не удовлетворен
803,117947,,Деловая,Эконом,1,3,71,70.0,2,Не удовлетворен
804,19783,26.0,Деловая,Бизнес,4,3,193,208.0,2,Не удовлетворен
805,102204,51.0,Деловая,Бизнес,4,5,11,3.0,3,Удовлетворен
806,27333,31.0,Деловая,Бизнес,4,1,0,17.0,1,Удовлетворен
807,51819,32.0,Деловая,Комфорт,4,4,0,0.0,5,Удовлетворен
808,77515,32.0,Деловая,Бизнес,1,3,0,0.0,1,Не удовлетворен
809,10360,60.0,Деловая,Бизнес,5,5,0,0.0,0,Удовлетворен
810,76375,30.0,Деловая,Бизнес,4,4,0,14.0,2,Не удовлетворен
811,79715,14.0,Частная,Эконом,2,5,0,0.0,4,Не удовлетворен
812,17477,36.0,Деловая,Эконом,4,2,0,0.0,5,Удовлетворен
813,32075,45.0,Деловая,Бизнес,2,5,0,0.0,3,Удовлетворен
814,91014,35.0,Частная,Эконом,1,2,0,0.0,2,Не удовлетворен
815,55490,38.0,Деловая,Бизнес,3,5,0,0.0,3,Не удовлетворен
816,45973,17.0,Частная,Эконом,1,3,71,73.0,1,Не удовлетворен
817,23835,44.0,Деловая,Эконом,1,4,0,0.0,2,Удовлетворен
818,65283,12.0,Частная,Комфорт,3,4,11,13.0,2,Не удовлетворен
819,81298,57.0,Деловая,Бизнес,5,5,0,0.0,4,Удовлетворен
820,65917,54.0,Деловая,Бизнес,3,3,0,11.0,4,Не удовлетворен
821,101972,40.0,Деловая,Эконом,3,4,43,35.0,3,Не удовлетворен
822,25607,25.0,Деловая,Эконом,1,1,18,18.0,0,Не удовлетворен
823,109784,30.0,Деловая,Бизнес,5,5,0,0.0,2,Удовлетворен
824,128123,38.0,Деловая,Эконом,4,3,0,0.0,4,Удовлетворен
825,107436,49.0,Частная,Эконом,2,4,40,30.0,4,Не удовлетворен
826,96313,26.0,Частная,Комфорт,3,3,12,12.0,3,Не удовлетворен
827,82121,,Деловая,Комфорт,3,3,1,3.0,1,Не удовлетворен
828,15300,,Деловая,Бизнес,3,5,0,0.0,4,Удовлетворен
829,65782,33.0,Деловая,Бизнес,5,4,6,0.0,3,Удовлетворен
830,74026,25.0,Деловая,Бизнес,4,5,0,0.0,5,Удовлетворен
831,128324,36.0,Деловая,Бизнес,4,4,0,0.0,5,Удовлетворен
832,29313,66.0,Частная,Эконом,4,1,0,0.0,5,Не удовлетворен
833,22780,39.0,Деловая,Эконом,4,4,0,0.0,2,Удовлетворен
834,99166,10.0,,Бизнес,4,3,7,8.0,3,Не удовлетворен
835,67732,26.0,Деловая,Эконом,3,3,0,0.0,4,Не удовлетворен
836,81211,44.0,Деловая,Бизнес,5,4,15,12.0,3,Удовлетворен
837,27723,24.0,Деловая,Эконом,2,5,0,0.0,2,Не удовлетворен
838,55092,73.0,Деловая,Эконом,2,4,119,115.0,4,Не удовлетворен
839,102971,38.0,Частная,Бизнес,4,4,0,0.0,4,Не удовлетворен
840,91266,49.0,Частная,Эконом,2,4,0,2.0,4,Не удовлетворен
841,55226,39.0,Деловая,Бизнес,4,5,0,0.0,1,Удовлетворен
842,80231,,Деловая,Бизнес,4,1,0,0.0,3,Не удовлетворен
843,72758,43.0,Деловая,Бизнес,4,3,0,0.0,3,Не удовлетворен
844,92432,56.0,Деловая,Бизнес,4,4,0,0.0,2,Удовлетворен
845,71248,21.0,Деловая,Бизнес,5,4,0,0.0,5,Удовлетворен
846,129148,42.0,Деловая,Бизнес,3,3,1,0.0,3,Не удовлетворен
847,20951,26.0,Деловая,Эконом,4,2,145,126.0,1,Не удовлетворен
848,69758,48.0,Частная,Эконом,4,2,0,0.0,4,Не удовлетворен
849,78393,34.0,Частная,Эконом,0,2,0,0.0,1,Удовлетворен
850,36508,40.0,Деловая,Бизнес,2,4,3,3.0,2,Удовлетворен
851,50156,27.0,Деловая,Бизнес,5,3,0,0.0,3,Удовлетворен
852,110342,22.0,Деловая,Бизнес,1,2,0,0.0,4,Не удовлетворен
853,94206,39.0,Деловая,Бизнес,5,4,14,10.0,4,Удовлетворен
854,33070,,Частная,Эконом,3,2,0,0.0,5,Не удовлетворен
855,68243,59.0,Деловая,Бизнес,5,5,0,0.0,3,Удовлетворен
856,23427,22.0,Деловая,Эконом,2,2,0,0.0,2,Не удовлетворен
857,9250,24.0,Частная,Эконом,3,4,0,0.0,5,Не удовлетворен
858,113922,67.0,Частная,Эконом,3,3,8,5.0,2,Не удовлетворен
859,58896,26.0,Деловая,Эконом,2,4,51,30.0,2,Не удовлетворен
860,83610,,Деловая,Эконом,5,5,0,0.0,0,Удовлетворен
861,50546,62.0,Частная,Эконом,1,4,0,0.0,5,Не удовлетворен
862,35643,24.0,Частная,Бизнес,4,4,14,0.0,4,Не удовлетворен
863,68912,67.0,Частная,Эконом,4,2,0,0.0,5,Не удовлетворен
864,95425,40.0,Деловая,Бизнес,2,5,0,0.0,2,Не удовлетворен
865,13404,43.0,Деловая,Бизнес,3,2,0,0.0,4,Не удовлетворен
866,57470,46.0,Деловая,Бизнес,5,3,0,0.0,1,Удовлетворен
867,87297,,Частная,Эконом,3,4,0,0.0,4,Не удовлетворен
868,14474,32.0,Деловая,Комфорт,2,5,0,0.0,2,Не удовлетворен
869,16461,52.0,Частная,Эконом,4,1,42,28.0,3,Не удовлетворен
870,115465,59.0,Деловая,Бизнес,4,3,0,0.0,4,Удовлетворен
871,46801,50.0,Деловая,Бизнес,4,4,0,0.0,5,Удовлетворен
872,21361,61.0,Частная,Эконом,1,4,12,0.0,4,Не удовлетворен
873,46663,33.0,,Бизнес,5,2,0,0.0,1,Удовлетворен
874,102775,36.0,Деловая,Бизнес,3,4,3,9.0,3,Не удовлетворен
875,58072,46.0,Деловая,Бизнес,5,5,0,0.0,4,Удовлетворен
876,90697,34.0,Деловая,Бизнес,4,5,0,0.0,1,Удовлетворен
877,72297,64.0,Частная,Эконом,3,2,44,47.0,1,Не удовлетворен
878,104497,,Деловая,Бизнес,3,4,0,0.0,3,Не удовлетворен
879,16427,54.0,Деловая,Эконом,4,5,0,0.0,3,Удовлетворен
880,27236,45.0,Частная,Эконом,4,5,0,0.0,4,Не удовлетворен
881,45040,25.0,Деловая,Эконом,4,4,33,23.0,3,Удовлетворен
882,40380,61.0,Частная,Эконом,2,4,0,0.0,2,Не удовлетворен
883,126493,44.0,Частная,Эконом,1,3,0,0.0,2,Не удовлетворен
884,68625,27.0,Деловая,Бизнес,2,4,11,7.0,2,Не удовлетворен
885,55950,42.0,Деловая,Бизнес,4,4,0,16.0,2,Удовлетворен
886,46609,26.0,Деловая,Эконом,2,2,35,28.0,1,Не удовлетворен
887,61385,53.0,Деловая,Эконом,3,4,16,9.0,4,Не удовлетворен
888,111228,47.0,Частная,Эконом,4,5,163,158.0,3,Не удовлетворен
889,112687,47.0,Деловая,Бизнес,5,4,0,1.0,2,Удовлетворен
890,991,40.0,Деловая,Эконом,5,3,0,0.0,2,Удовлетворен
891,22748,52.0,Деловая,Бизнес,5,5,0,0.0,0,Удовлетворен
892,70565,,Деловая,Эконом,1,5,0,0.0,1,Не удовлетворен
893,69667,59.0,Частная,Эконом,1,2,31,19.0,5,Не удовлетворен
894,69818,45.0,Деловая,Бизнес,5,2,0,0.0,1,Удовлетворен
895,129527,45.0,Деловая,Бизнес,5,4,0,0.0,4,Удовлетворен
896,93314,19.0,Частная,Комфорт,3,4,0,0.0,5,Не удовлетворен
897,126112,,Деловая,Эконом,1,4,0,0.0,0,Не удовлетворен
898,88821,33.0,Деловая,Комфорт,1,3,0,0.0,1,Не удовлетворен
899,121218,41.0,Деловая,Бизнес,3,4,0,14.0,4,Удовлетворен
900,58623,41.0,Деловая,Бизнес,3,4,9,7.0,3,Не удовлетворен
901,66555,66.0,Частная,Эконом,3,4,11,20.0,1,Не удовлетворен
902,61903,56.0,Деловая,Бизнес,4,2,18,2.0,3,Удовлетворен
903,72256,30.0,Деловая,Бизнес,2,3,1,7.0,1,Не удовлетворен
904,75799,48.0,Частная,Эконом,3,3,0,0.0,0,Не удовлетворен
905,57730,23.0,Деловая,Эконом,2,4,1,0.0,2,Удовлетворен
906,125697,,Частная,Эконом,4,2,0,6.0,2,Не удовлетворен
907,35660,26.0,Деловая,Бизнес,4,4,48,45.0,2,Удовлетворен
908,50317,61.0,Деловая,Бизнес,2,1,0,0.0,1,Не удовлетворен
909,55350,45.0,Деловая,Бизнес,4,5,42,36.0,5,Удовлетворен
910,30485,50.0,Частная,Бизнес,4,2,0,0.0,3,Не удовлетворен
911,45900,28.0,Деловая,Эконом,2,2,355,391.0,2,Не удовлетворен
912,100460,,Деловая,Эконом,2,5,8,2.0,4,Не удовлетворен
913,59678,47.0,Частная,Эконом,3,2,8,0.0,5,Не удовлетворен
914,37561,60.0,Деловая,Бизнес,5,5,47,38.0,3,Удовлетворен
915,34118,27.0,Деловая,Бизнес,3,2,0,0.0,3,Не удовлетворен
916,129528,57.0,Деловая,Бизнес,5,5,0,0.0,1,Удовлетворен
917,96577,54.0,Частная,Эконом,1,4,0,0.0,2,Удовлетворен
918,58752,48.0,Деловая,Бизнес,4,4,78,68.0,4,Удовлетворен
919,39180,13.0,Частная,Эконом,3,1,0,6.0,3,Не удовлетворен
920,18111,33.0,Деловая,Бизнес,3,4,0,4.0,5,Удовлетворен
921,68542,42.0,Деловая,Бизнес,2,5,0,0.0,4,Удовлетворен
922,27782,52.0,Деловая,Эконом,2,1,0,23.0,2,Не удовлетворен
923,127764,19.0,Частная,Эконом,3,1,0,1.0,3,Не удовлетворен
924,47318,,Деловая,Бизнес,5,4,0,0.0,4,Удовлетворен
925,49615,21.0,Деловая,Бизнес,3,2,450,470.0,1,Удовлетворен
926,96567,46.0,Деловая,Бизнес,4,5,8,0.0,4,Удовлетворен
927,26830,48.0,Деловая,Эконом,1,5,94,92.0,1,Удовлетворен
928,63972,43.0,Деловая,Бизнес,4,2,68,41.0,5,Удовлетворен
929,87769,57.0,Деловая,Бизнес,4,4,0,0.0,1,Удовлетворен
930,95925,70.0,Деловая,Эконом,2,3,0,0.0,1,Не удовлетворен
931,10770,34.0,Деловая,Бизнес,5,4,57,53.0,1,Удовлетворен
932,117173,,Частная,Эконом,5,4,0,5.0,5,Не удовлетворен
933,73050,40.0,Деловая,Бизнес,5,3,0,0.0,3,Удовлетворен
934,75501,61.0,Частная,Комфорт,5,2,0,2.0,5,Не удовлетворен
935,85641,36.0,Деловая,Бизнес,5,5,84,69.0,5,Не удовлетворен
936,123717,49.0,Частная,Эконом,5,3,0,0.0,4,Не удовлетворен
937,38517,26.0,Деловая,Бизнес,1,2,46,20.0,3,Не удовлетворен
938,119520,46.0,Деловая,Эконом,4,2,7,9.0,5,Удовлетворен
939,68850,52.0,Деловая,Бизнес,4,4,0,0.0,2,Удовлетворен
940,82430,58.0,Деловая,Бизнес,4,4,0,0.0,3,Удовлетворен
941,100939,46.0,Деловая,Бизнес,5,5,28,33.0,3,Удовлетворен
942,116944,56.0,Деловая,Бизнес,4,4,14,26.0,1,Удовлетворен
943,123908,69.0,Частная,Эконом,4,4,0,0.0,5,Не удовлетворен
944,931,,Деловая,Бизнес,3,2,29,39.0,2,Не удовлетворен
945,72445,,Деловая,Бизнес,4,5,0,0.0,4,Удовлетворен
946,2205,46.0,Частная,Эконом,4,2,9,8.0,5,Не удовлетворен
947,123956,11.0,Частная,Комфорт,2,4,0,0.0,2,Не удовлетворен
948,83825,52.0,Деловая,Бизнес,4,4,0,0.0,1,Удовлетворен
949,69458,24.0,Частная,Эконом,3,5,23,10.0,4,Не удовлетворен
950,41187,28.0,Частная,Эконом,3,5,42,34.0,4,Не удовлетворен
951,6170,69.0,Частная,Эконом,4,4,0,0.0,5,Не удовлетворен
952,13733,24.0,Деловая,Эконом,2,5,0,0.0,3,Не удовлетворен
953,72379,36.0,Деловая,Бизнес,4,4,0,0.0,2,Удовлетворен
954,48991,38.0,Деловая,Эконом,4,1,0,0.0,0,Не удовлетворен
955,102681,69.0,Деловая,Эконом,3,2,0,0.0,1,Не удовлетворен
956,123848,28.0,Деловая,Эконом,4,3,0,0.0,3,Не удовлетворен
957,35066,24.0,Деловая,Бизнес,2,3,118,96.0,2,Не удовлетворен
958,116674,38.0,Деловая,Комфорт,1,3,0,0.0,1,Не удовлетворен
959,89608,55.0,Деловая,Бизнес,4,5,0,0.0,4,Удовлетворен
960,18167,,Деловая,Комфорт,4,3,0,0.0,5,Удовлетворен
961,111607,,Деловая,Бизнес,4,4,6,12.0,2,Удовлетворен
962,16459,60.0,Частная,Эконом,5,2,6,0.0,5,Не удовлетворен
963,4341,70.0,Частная,Бизнес,5,5,66,38.0,5,Не удовлетворен
964,88492,38.0,Деловая,Бизнес,1,1,4,0.0,2,Не удовлетворен
965,78924,20.0,Деловая,Эконом,1,3,0,0.0,4,Не удовлетворен
966,11678,,Деловая,Бизнес,5,5,0,0.0,5,Удовлетворен
967,122101,48.0,Частная,Эконом,4,1,0,2.0,4,Не удовлетворен
968,105374,51.0,Деловая,Бизнес,4,5,1,0.0,1,Удовлетворен
969,90341,53.0,Деловая,Бизнес,4,3,0,0.0,5,Удовлетворен
970,66123,25.0,Деловая,Бизнес,2,4,0,0.0,0,Не удовлетворен
971,22466,68.0,Частная,Эконом,3,3,0,0.0,2,Не удовлетворен
972,78143,56.0,Деловая,Бизнес,4,1,0,0.0,0,Удовлетворен
973,109294,50.0,Деловая,Бизнес,5,4,182,158.0,3,Удовлетворен
974,70320,26.0,Деловая,Эконом,3,3,0,0.0,4,Не удовлетворен
975,65326,35.0,Деловая,Бизнес,4,4,0,0.0,3,Удовлетворен
976,57999,43.0,Деловая,Эконом,4,1,4,20.0,2,Не удовлетворен
977,26314,21.0,Частная,Эконом,2,1,18,13.0,5,Не удовлетворен
978,6403,55.0,Частная,Эконом,3,2,0,25.0,3,Не удовлетворен
979,15525,63.0,Частная,Комфорт,4,3,0,1.0,3,Не удовлетворен
980,99540,36.0,Деловая,Бизнес,3,3,0,0.0,5,Не удовлетворен
981,74879,,Деловая,Бизнес,4,5,0,0.0,5,Удовлетворен
982,108733,62.0,Частная,Эконом,5,1,50,62.0,4,Не удовлетворен
983,98712,31.0,Деловая,Бизнес,4,4,0,3.0,5,Удовлетворен
984,11993,,Частная,Эконом,4,4,54,45.0,4,Не удовлетворен
985,74128,33.0,Деловая,Бизнес,2,5,59,64.0,3,Удовлетворен
986,18851,15.0,Деловая,Эконом,2,5,1,0.0,4,Не удовлетворен
987,73901,49.0,Деловая,Бизнес,4,4,0,0.0,5,Удовлетворен
988,3398,,Деловая,Эконом,3,1,9,16.0,3,Не удовлетворен
989,43407,42.0,Деловая,Комфорт,2,2,0,3.0,1,Удовлетворен
990,113938,,Деловая,Бизнес,5,5,9,0.0,1,Удовлетворен
991,103300,51.0,Деловая,Бизнес,5,3,0,10.0,1,Удовлетворен
992,45653,21.0,Частная,Эконом,4,1,0,0.0,1,Не удовлетворен
993,39066,49.0,Деловая,Эконом,4,5,111,110.0,3,Удовлетворен
994,13041,65.0,Частная,Эконом,3,4,1,0.0,4,Не удовлетворен
995,67757,,Деловая,Эконом,1,5,0,0.0,1,Не удовлетворен
996,78741,46.0,Деловая,Бизнес,5,2,0,0.0,1,Удовлетворен
997,114209,45.0,Деловая,Бизнес,5,5,0,0.0,5,Удовлетворен
998,99262,29.0,Деловая,Бизнес,1,3,48,34.0,5,Не удовлетворен
999,120522,,Деловая,Бизнес,4,4,123,124.0,4,Удовлетворен
